run_id,paired_bootstrap_sha256,bootstrap_script,bootstrap_script_sha256,current_script_sha256_matches,resamples,seed,methods_recorded_in_script
frozen_confirmation_20260930_v5,5deec2e933fdeadc6bdcf53ddb0cca937c8acdcb629b57587d0e95413151015a,tools/bootstrap_frozen_confirmation_20260930_v5.py,64f8fee350ee9a954fc11663e3508811e274929cf4ee235e7179aaa0cb868262,True,10000,20260930,fusion_lr;guard_lr;qc_lr;sqrt_gate_lr;residual_gate_lr;signed_gate_lr
aegis_safety_test_prompt_fixedfusion_20261003_v1,7a5591fa664cb8bec4d17b0a3fb11f32206c60d658fdbe56cb115186dd56c7cc,tools/bootstrap_aegis_safety_test_prompt_20261003.py,a8229f646bba354956c7cdf99dfe924c56c107a042cdb2fba15228135807b629,True,10000,20261003,fusion_lr;guard_lr;qc_lr;ts_nll
beavertails_response_fixedfusion_20261002_v1,9e11a0dcfe98306674680f81ca9c517278234521ce2221c105919400bce0c7db,tools/bootstrap_beavertails_response_20261002.py,59f0e763694abc64bf1aeb6aa752270126adeb4f4c0a048fc440b861b61c9781,True,10000,20261002,fusion_lr;guard_lr;qc_lr;ts_nll
cares_independent_20261001_v1,c2a16d8c94743ba8dfb06053295728689fe2d3e93562d482cb8f2943efb9fb6b,tools/bootstrap_cares_independent_20261001.py,8794f29e38fd680c6be2fe8bf7c8987bb82f8789751a700bb29041fde3845ae3,True,10000,20261001,fusion_lr;guard_lr;qc_lr;ts_nll
do_not_answer_response_fixedfusion_20261003_v1,8f5beedd3674521e32637fde1eb11ec1fd1f30e063da03c1890564b6db13e5e2,tools/bootstrap_do_not_answer_response_20261003.py,d1736faad92d14a9ce6fda641cfbee845b20be867db3fca313a44f056d52ccbf,True,10000,20261003,fusion_lr;guard_lr;qc_lr;ts_nll
harmbench_response_variant_fixedfusion_20261003_v1,1ddd90fe35a58a9c97511ff0d0c715c32868aaebd8a4532fdcc88d4420bfb46f,tools/bootstrap_harmbench_response_variant_20261003.py,fa808f4b9780212a2e8fdca15d4ede6e00e152f8e2afc923adc8addd1ca1f03d,True,10000,20261003,fusion_lr;guard_lr;qc_lr;ts_nll
hatecheck_independent_20261001_v1,cc2db89a7cd67ac71e40904cdb81446e7f2cc882fbfeac0f4075ae12a2e40f0d,tools/bootstrap_hatecheck_independent_20261001.py,e7abd6a637fa9b3077e6cab4d5c9731b7693c72f5f6333d7ae60c1fa85aa8673,True,10000,20261001,fusion_lr;guard_lr;qc_lr;ts_nll
pkusafe_response_fixedfusion_20261002_v1,8809a728c3ab1a18202c95fcb923b95a21124940939e45dc075c7bd011735db9,tools/bootstrap_pkusafe_response_20261002.py,7dd9d98230d071665a04c92e8c1418be491204c5c8006401146d42a1578aa049,True,10000,20261002,fusion_lr;guard_lr;qc_lr;ts_nll
saferlhf_alpaca2_response_fixedfusion_20261003_v1,b697259ea019c9621a027ba68f197d08ef392f54c56dccab330db3b0f2e115f6,tools/bootstrap_saferlhf_alpaca2_response_20261003.py,80a5c061dd3900f7af6b5203e8cad43c10ef3eaac78f6f761ad4ca58795b98a4,True,10000,20261003,fusion_lr;guard_lr;qc_lr;ts_nll
saferlhf_alpaca7b_response_fixedfusion_20261003_v1,81ef77b7bd1156cf489562af1e0640bf59056e93a6ef2dad86117fbee0c9739b,tools/bootstrap_saferlhf_alpaca7b_response_20261003.py,e75a9bf66ad566cf2f9b3b34aa66a2377ac8e0ac38f5eafaab095e72793f5940,True,10000,20261003,fusion_lr;guard_lr;qc_lr;ts_nll
safety_moderation_prompt_fixedfusion_20261004_v1,d9fa2dcb9346602e1a906f77dfd6f9297885bd0bfcc7ce22253107c0f0b19204,tools/bootstrap_external_validation_20261005.py,3423fd81a1556dbc6ef6789dfba28ce6256e41c4518d8a90404fc0d44f5310e1,True,10000,20261004,fusion_lr;guard_lr;qc_lr;ts_nll
toxicchat_candidate_prompt_fixedfusion_20261003_v1,a200c6153b937de029fd752cb9f9896cdfc0a7006724ef2b211847d1948102a2,tools/bootstrap_toxicchat_candidate_prompt_20261003.py,2613b096df3a9580ec82d31e5e01812a8cf23fa3a3eee82b37f536aaeb395a01,True,10000,20261003,fusion_lr;guard_lr;qc_lr;ts_nll
wildguardmix_prompt_fixedfusion_20261002_v1,eadb45447a0ca856f682311394e8621548bbd92cc31863d413e3699d2f4af87f,tools/bootstrap_wildguardmix_prompt_20261002.py,ccd248bd5bc9a9a2a04bd08dd2eb287d2a089fa4b538ab56a6002484246f8de2,True,10000,20261002,fusion_lr;guard_lr;qc_lr;ts_nll
wildguardmix_response_fixedfusion_20261002_v1,db3f8c3c30e825dfea55c4e7934f2e00601a171253b810cb62145dd7b0db6035,tools/bootstrap_wildguardmix_response_20261002.py,eaa4cecc27457bf03d1f4c3a77f2e973197f80b4f04fde781766da2da1163a52,True,10000,20261002,fusion_lr;guard_lr;qc_lr;ts_nll
xstest_prompt_fixedfusion_20261003_v1,c16bc654541e57f6de4954a92dd24e91ae4c8593739c1fb03f0a2885d1e2466f,tools/bootstrap_xstest_prompt_20261003.py,2421643a4dec966d5fdfb3639a017c5a57bb91556fbceafd4a54172ad96cc5f8,True,10000,20261003,fusion_lr;guard_lr;qc_lr;ts_nll
harmmetric_response_fixedfusion_20261004_v1,e50f97988f5401dfc2c2dbeb8470d3227a5442f075c6c9386ad545ff020ea2f6,tools/bootstrap_external_validation_20261005.py,3423fd81a1556dbc6ef6789dfba28ce6256e41c4518d8a90404fc0d44f5310e1,True,10000,20261004,fusion_lr;guard_lr;qc_lr;ts_nll
