relative_path,sha256_recorded_in_protocol,exists_at_recorded_path,current_file_sha256_matches,used_by_runs,included_in_public_calibration_package
calibration/cot_scorer.py,d2cb80b6d5d5e69aaebc416d9ba026ea7145ef747e2c95dbfab8479d4eb4fc26,True,True,frozen_confirmation_20260930_v5;aegis_safety_test_prompt_fixedfusion_20261003_v1;beavertails_response_fixedfusion_20261002_v1;cares_independent_20261001_v1;do_not_answer_response_fixedfusion_20261003_v1;harmbench_response_variant_fixedfusion_20261003_v1;hatecheck_independent_20261001_v1;pkusafe_response_fixedfusion_20261002_v1;saferlhf_alpaca2_response_fixedfusion_20261003_v1;saferlhf_alpaca7b_response_fixedfusion_20261003_v1;safety_moderation_prompt_fixedfusion_20261004_v1;toxicchat_candidate_prompt_fixedfusion_20261003_v1;wildguardmix_prompt_fixedfusion_20261002_v1;wildguardmix_response_fixedfusion_20261002_v1;xstest_prompt_fixedfusion_20261003_v1;harmmetric_response_fixedfusion_20261004_v1,False
eval_cot.py,0d016b9bd94ff909ec6b997c688e85c60f5cceb5ed58117ac9ec615746e920a2,True,False,frozen_confirmation_20260930_v5;aegis_safety_test_prompt_fixedfusion_20261003_v1;beavertails_response_fixedfusion_20261002_v1;cares_independent_20261001_v1;do_not_answer_response_fixedfusion_20261003_v1;harmbench_response_variant_fixedfusion_20261003_v1;hatecheck_independent_20261001_v1;pkusafe_response_fixedfusion_20261002_v1;saferlhf_alpaca2_response_fixedfusion_20261003_v1;saferlhf_alpaca7b_response_fixedfusion_20261003_v1;safety_moderation_prompt_fixedfusion_20261004_v1;toxicchat_candidate_prompt_fixedfusion_20261003_v1;wildguardmix_prompt_fixedfusion_20261002_v1;wildguardmix_response_fixedfusion_20261002_v1;xstest_prompt_fixedfusion_20261003_v1;harmmetric_response_fixedfusion_20261004_v1,False
eval_utils.py,1599a998c3dee450eea6921b2f63d52343d0090d58d511d4559037e79bd298c8,True,True,frozen_confirmation_20260930_v5;aegis_safety_test_prompt_fixedfusion_20261003_v1;beavertails_response_fixedfusion_20261002_v1;cares_independent_20261001_v1;do_not_answer_response_fixedfusion_20261003_v1;harmbench_response_variant_fixedfusion_20261003_v1;hatecheck_independent_20261001_v1;pkusafe_response_fixedfusion_20261002_v1;saferlhf_alpaca2_response_fixedfusion_20261003_v1;saferlhf_alpaca7b_response_fixedfusion_20261003_v1;safety_moderation_prompt_fixedfusion_20261004_v1;toxicchat_candidate_prompt_fixedfusion_20261003_v1;wildguardmix_prompt_fixedfusion_20261002_v1;wildguardmix_response_fixedfusion_20261002_v1;xstest_prompt_fixedfusion_20261003_v1;harmmetric_response_fixedfusion_20261004_v1,False
tools/audit_cares_candidates_20261001.py,5bc4f6106ba26efdf4cec6aab01c5285c64e4b01fa43a596408fc86f7ae12e45,True,True,cares_independent_20261001_v1,False
tools/audit_harmmetric_response_20261004.py,064470eb72f758fb207418a93704bb83e25ff5b8119678e494c122aa61fd396e,True,True,harmmetric_response_fixedfusion_20261004_v1,False
tools/audit_hatecheck_source_20261001.py,4b6a3f211e07bd945077c045fdd520dce2339ef72663645bd15a855cbfce352f,True,True,hatecheck_independent_20261001_v1,False
tools/audit_new_source_20261004.py,b658391472cc6fe9b24b5a3c8948bccd5f28db3a5372dc290185eedcb77ed1f3,True,True,safety_moderation_prompt_fixedfusion_20261004_v1,False
tools/audit_orbench_candidates_20260930.py,5ecef9c825503a1b300b744da62f1d20d701ea0775170a775ed6976020babd92,True,True,frozen_confirmation_20260930_v5,False
tools/bootstrap_aegis_safety_test_prompt_20261003.py,a8229f646bba354956c7cdf99dfe924c56c107a042cdb2fba15228135807b629,True,True,aegis_safety_test_prompt_fixedfusion_20261003_v1,False
tools/bootstrap_beavertails_response_20261002.py,59f0e763694abc64bf1aeb6aa752270126adeb4f4c0a048fc440b861b61c9781,True,True,beavertails_response_fixedfusion_20261002_v1,False
tools/bootstrap_do_not_answer_response_20261003.py,d1736faad92d14a9ce6fda641cfbee845b20be867db3fca313a44f056d52ccbf,True,True,do_not_answer_response_fixedfusion_20261003_v1,False
tools/bootstrap_frozen_confirmation_20260930_v5.py,64f8fee350ee9a954fc11663e3508811e274929cf4ee235e7179aaa0cb868262,True,True,frozen_confirmation_20260930_v5,False
tools/bootstrap_harmbench_response_variant_20261003.py,fa808f4b9780212a2e8fdca15d4ede6e00e152f8e2afc923adc8addd1ca1f03d,True,True,harmbench_response_variant_fixedfusion_20261003_v1,False
tools/bootstrap_hatecheck_independent_20261001.py,e7abd6a637fa9b3077e6cab4d5c9731b7693c72f5f6333d7ae60c1fa85aa8673,True,True,hatecheck_independent_20261001_v1,False
tools/bootstrap_pkusafe_response_20261002.py,7dd9d98230d071665a04c92e8c1418be491204c5c8006401146d42a1578aa049,True,True,pkusafe_response_fixedfusion_20261002_v1,False
tools/bootstrap_saferlhf_alpaca2_response_20261003.py,80a5c061dd3900f7af6b5203e8cad43c10ef3eaac78f6f761ad4ca58795b98a4,True,True,saferlhf_alpaca2_response_fixedfusion_20261003_v1,False
tools/bootstrap_saferlhf_alpaca7b_response_20261003.py,e75a9bf66ad566cf2f9b3b34aa66a2377ac8e0ac38f5eafaab095e72793f5940,True,True,saferlhf_alpaca7b_response_fixedfusion_20261003_v1,False
tools/bootstrap_toxicchat_candidate_prompt_20261003.py,2613b096df3a9580ec82d31e5e01812a8cf23fa3a3eee82b37f536aaeb395a01,True,True,toxicchat_candidate_prompt_fixedfusion_20261003_v1,False
tools/bootstrap_wildguardmix_prompt_20261002.py,ccd248bd5bc9a9a2a04bd08dd2eb287d2a089fa4b538ab56a6002484246f8de2,True,True,wildguardmix_prompt_fixedfusion_20261002_v1,False
tools/bootstrap_wildguardmix_response_20261002.py,eaa4cecc27457bf03d1f4c3a77f2e973197f80b4f04fde781766da2da1163a52,True,True,wildguardmix_response_fixedfusion_20261002_v1,False
tools/bootstrap_xstest_prompt_20261003.py,2421643a4dec966d5fdfb3639a017c5a57bb91556fbceafd4a54172ad96cc5f8,True,True,xstest_prompt_fixedfusion_20261003_v1,False
tools/calibration_confirmation_runner_v1_2.py,6abd6fb6ffebf913444345ced8670ad5f249424eca3724a5ce47188bfc45f1d7,True,True,frozen_confirmation_20260930_v5;aegis_safety_test_prompt_fixedfusion_20261003_v1;beavertails_response_fixedfusion_20261002_v1;cares_independent_20261001_v1;do_not_answer_response_fixedfusion_20261003_v1;harmbench_response_variant_fixedfusion_20261003_v1;hatecheck_independent_20261001_v1;pkusafe_response_fixedfusion_20261002_v1;saferlhf_alpaca2_response_fixedfusion_20261003_v1;saferlhf_alpaca7b_response_fixedfusion_20261003_v1;safety_moderation_prompt_fixedfusion_20261004_v1;toxicchat_candidate_prompt_fixedfusion_20261003_v1;wildguardmix_prompt_fixedfusion_20261002_v1;wildguardmix_response_fixedfusion_20261002_v1;xstest_prompt_fixedfusion_20261003_v1;harmmetric_response_fixedfusion_20261004_v1,False
tools/freeze_confirmation_protocol_20260930_v5.py,a65ab27820fd3ff05d6980487b6114691cecfe6b54dad071e22d934ff23144de,True,True,frozen_confirmation_20260930_v5,False
tools/pin_aegis_harmbench_sources_20261003.py,b1a6e40c6e4aec4eb03974fb60b083583b150c09eb382a0db90621adfbcee0b1,True,True,aegis_safety_test_prompt_fixedfusion_20261003_v1;harmbench_response_variant_fixedfusion_20261003_v1,False
tools/plot_aegis_safety_test_prompt_reliability_20261003.py,4b67ad93b02e088bab6c67ef317169d2a90e91872a956464994ba6b6a7436a45,True,True,aegis_safety_test_prompt_fixedfusion_20261003_v1,False
tools/plot_do_not_answer_response_reliability_20261003.py,ee212c149fbcb73174c8a446928c627c6ac2aafc44a92aefbddd7eaa7aaeec55,True,True,do_not_answer_response_fixedfusion_20261003_v1,False
tools/plot_harmbench_response_variant_reliability_20261003.py,476e6c54b112c3085b5c9f4e53eb044f40448e1d17271afcf704f951d86e5de2,True,True,harmbench_response_variant_fixedfusion_20261003_v1,False
tools/plot_saferlhf_alpaca2_response_reliability_20261003.py,56f962df5583650019b88ceb7d0aab5022184fe7f24e641884131c5792dedba3,True,True,saferlhf_alpaca2_response_fixedfusion_20261003_v1,False
tools/plot_saferlhf_alpaca7b_response_reliability_20261003.py,feb8e8e4d51b40179bfcc17a01e22c06e0ebdb3f0bb0e3a2d78a5e725152c83c,True,True,saferlhf_alpaca7b_response_fixedfusion_20261003_v1,False
tools/plot_toxicchat_candidate_prompt_reliability_20261003.py,7f2ba86df518ba70cc538e23175574f68813ed6a38991133c6aba5d9b9fbfe39,True,True,toxicchat_candidate_prompt_fixedfusion_20261003_v1,False
tools/plot_xstest_prompt_reliability_20261003.py,7246dd181a7f012a8dd82abf84f6fc20259b258ae65297a8628d5adb90da3ae7,True,True,xstest_prompt_fixedfusion_20261003_v1,False
tools/prepare_aegis_harmbench_extensions_20261003.py,8b47736028555b293cd03b509a4cadb2e27b563760729e3cbea6d6dad7033004,True,True,aegis_safety_test_prompt_fixedfusion_20261003_v1;harmbench_response_variant_fixedfusion_20261003_v1,False
tools/prepare_cares_split_20261001.py,1e3b0994f57686e55e17925256f3fbd02faedbd21ec22388449df9f710a76c5c,True,True,cares_independent_20261001_v1,False
tools/prepare_do_not_answer_response_20261003.py,ca8b4281f93ee0039b529ae4e56ebb7eb5912d1bcc0d1ad49e7a6ab588f174e8,True,True,do_not_answer_response_fixedfusion_20261003_v1,False
tools/prepare_harmmetric_response_20261004.py,f24cff5158a3995f6202e9a2cecbe9a3f1339b5f62ef816dd6643e2818c66a2f,True,True,harmmetric_response_fixedfusion_20261004_v1,False
tools/prepare_hatecheck_split_20261001.py,13b0877f0e4e8e74088e85e6b4bf144165af02b9cb87506e0d533ca15b445833,True,True,hatecheck_independent_20261001_v1,False
tools/prepare_prompt_extensions_20261003.py,aec5c955065ee26d2f463b6e801fbde39f16101dd3053832e5c700a2208eda32,True,True,toxicchat_candidate_prompt_fixedfusion_20261003_v1;xstest_prompt_fixedfusion_20261003_v1,False
tools/prepare_response_extensions_20261002.py,06dd50f4395d2b5bbcca12ac64040cc57cebaf0cf99ed3cbb6076875ce573507,True,True,beavertails_response_fixedfusion_20261002_v1;pkusafe_response_fixedfusion_20261002_v1,False
tools/prepare_saferlhf_response_extensions_20261003.py,afedf45e7f956bedeae7bd052811ea7ac02127543295c9e0044afd18bf024b2b,True,True,saferlhf_alpaca2_response_fixedfusion_20261003_v1;saferlhf_alpaca7b_response_fixedfusion_20261003_v1,False
tools/prepare_safety_moderation_prompt_20261004.py,c415c3f1ada26a6d039e9e09b40b2f17a409fe3cdeb515d83a1b5a2179163a4e,True,True,safety_moderation_prompt_fixedfusion_20261004_v1,False
tools/prepare_wildguardmix_prompt_20261002.py,b9f4f1daa5dbd2f07ce9f0c2b5e387333a554db384e459f3485ef274510f7693,True,True,wildguardmix_prompt_fixedfusion_20261002_v1,False
tools/prepare_wildguardmix_response_20261002.py,1c32c2177763bff1f8f02a398fd35941858a6dcdeee9bb8887f0edf932e87940,True,True,wildguardmix_response_fixedfusion_20261002_v1,False
tools/run_aegis_safety_test_prompt_independent_20261003.py,79c45ab6b4dc8485dffdc0afc02688f5a7216c5c534ba6487dc08ff0c3b77330,True,True,aegis_safety_test_prompt_fixedfusion_20261003_v1,False
tools/run_beavertails_response_independent_20261002.py,a2061f491837f314908bb96ca4644c1fc4fc7d7c79bbeb233a56d62556f03350,True,True,beavertails_response_fixedfusion_20261002_v1,False
tools/run_cares_independent_20261001.py,077a6219ba3edb2b86dccb0b383830a56baace674ee73d08dea49c1fb673eeba,True,True,cares_independent_20261001_v1,False
tools/run_do_not_answer_response_independent_20261003.py,627c9ff8e3c404ce1c188891bdc068ff8c2e5552b007058848d45489cdc9f35c,True,True,do_not_answer_response_fixedfusion_20261003_v1,False
tools/run_frozen_confirmation_20260930_v5.py,b81aeb8f7f331d716c8b0a3194ce0d3b1451671ce7be24e52ad40a9f57f50c8a,True,True,frozen_confirmation_20260930_v5,False
tools/run_harmbench_response_variant_independent_20261003.py,4b45c5bd13e193004058c92747a3b6dca41b3f42c5221aa7660ec4233fb94515,True,True,harmbench_response_variant_fixedfusion_20261003_v1,False
tools/run_harmmetric_response_fixedfusion_20261004.py,9e15988d1ba84900582698e4e997ab63d53a235e166bad3c9d8409e16ba17827,True,True,harmmetric_response_fixedfusion_20261004_v1,False
tools/run_hatecheck_independent_20261001.py,222e789c0ed48a3bee1d66a7dff351c952177ef658308fa47aa73b603a966752,True,True,hatecheck_independent_20261001_v1,False
tools/run_pkusafe_response_independent_20261002.py,dc9d55c1b4d8d3c544e69c22851f87f146cda2fc5a1b2b5eb378fb75e883cf8d,True,True,pkusafe_response_fixedfusion_20261002_v1,False
tools/run_saferlhf_alpaca2_response_independent_20261003.py,3d9eb134920e795267ed03bacfc43e2cf3f10321adae983a75c93067b1631330,True,True,saferlhf_alpaca2_response_fixedfusion_20261003_v1,False
tools/run_saferlhf_alpaca7b_response_independent_20261003.py,87f4d7c9a59f9e56f0c8935f1b1eb375b50617afc01b2fa222ccb4510729cf25,True,True,saferlhf_alpaca7b_response_fixedfusion_20261003_v1,False
tools/run_safety_moderation_prompt_fixedfusion_20261004.py,bf97fd63fc7623f6b64162adcdad8e0b5ac2124c6aa2fc5d9b6d4b4ae6329701,True,True,safety_moderation_prompt_fixedfusion_20261004_v1,False
tools/run_toxicchat_candidate_prompt_independent_20261003.py,42dff2c720b4022b00c4c017ed8076cfb8e42863120e83ce8e77b0871d978e56,True,True,toxicchat_candidate_prompt_fixedfusion_20261003_v1,False
tools/run_wildguardmix_prompt_independent_20261002.py,a2a172d903116467b66bddef104be8efbe0d6d167a1fecf7557936147518b75c,True,True,wildguardmix_prompt_fixedfusion_20261002_v1,False
tools/run_wildguardmix_response_independent_20261002.py,f552aacf98b6966d459cd223a173b15a0faee18de23b9cd1c9826ace11ac49d3,True,True,wildguardmix_response_fixedfusion_20261002_v1,False
tools/run_with_wildguard_recovery_20261003.py,23843cffec67d09a0b47d33721bfafc921851f5e1d6c6aa7fcc9a7839b1f54ba,True,True,saferlhf_alpaca2_response_fixedfusion_20261003_v1;saferlhf_alpaca7b_response_fixedfusion_20261003_v1,False
tools/run_with_wildguard_recovery_aegis_harmbench_20261003.py,9ad08c2a33d3cc9c0a55e972277cd867b8fa9e8d706af1171fedb09e5424f741,True,True,aegis_safety_test_prompt_fixedfusion_20261003_v1;harmbench_response_variant_fixedfusion_20261003_v1,False
tools/run_with_wildguard_recovery_external_20261004.py,48ee6227847cdef5387f5a91ef0470f89597e7a3c5bec7b5a66d096f05c5cec7,True,True,safety_moderation_prompt_fixedfusion_20261004_v1;harmmetric_response_fixedfusion_20261004_v1,False
tools/run_with_wildguard_recovery_prompt_extensions_20261003.py,53eb55f1530a1d3df3e948a51be4a3710732e85c25089ae83a0328720c907d2d,True,True,toxicchat_candidate_prompt_fixedfusion_20261003_v1;xstest_prompt_fixedfusion_20261003_v1,False
tools/run_xstest_prompt_independent_20261003.py,efbb7b74f49c55c9477343c87a23ebf64ee9cb5884a9f9e45b56e091e0bfc462,True,True,xstest_prompt_fixedfusion_20261003_v1,False
tools/table2_recheck_cached.py,5c8ffc16981845545f061ed54b37abffa7b3aa234e6d7ea69321fa250c3dee14,True,True,frozen_confirmation_20260930_v5;aegis_safety_test_prompt_fixedfusion_20261003_v1;beavertails_response_fixedfusion_20261002_v1;cares_independent_20261001_v1;do_not_answer_response_fixedfusion_20261003_v1;harmbench_response_variant_fixedfusion_20261003_v1;hatecheck_independent_20261001_v1;pkusafe_response_fixedfusion_20261002_v1;saferlhf_alpaca2_response_fixedfusion_20261003_v1;saferlhf_alpaca7b_response_fixedfusion_20261003_v1;safety_moderation_prompt_fixedfusion_20261004_v1;toxicchat_candidate_prompt_fixedfusion_20261003_v1;wildguardmix_prompt_fixedfusion_20261002_v1;wildguardmix_response_fixedfusion_20261002_v1;xstest_prompt_fixedfusion_20261003_v1;harmmetric_response_fixedfusion_20261004_v1,False
