source,task_type,run_id,protocol_id,paper_role,protocol_status,protocol_main_method,primary_comparison,primary_metric,confirmatory_evaluation_enabled,n_calibration,n_test,n_calibration_groups,n_test_groups,split_metadata_sha256,protocol_sha256,model_manifest_sha256,evaluation_sha256,paired_bootstrap_sha256,bootstrap_resamples,bootstrap_seed,bootstrap_refit_calibrators,guards,auxiliary_model
orbench,prompt_binary_safety,frozen_confirmation_20260930_v5,aux_calibration_confirmation_v5_20260930,development_method_selection,frozen_before_new_inference,sqrt_gate_lr,,unsafe_probability_ece15_equal_width,True,789,1185,789,1185,4705a24c4f9d1ee62b9f5534a6d8cc27fc33b677dcf7d31ce0997997cbdbb3a1,7065bb393f311e39bf0c3589f8dfff938c76f148ff7dbf153bea51fb7b024451,b2ab7ca72478b7ab8bf410d00c531ef34ae3006d8391666c99a078186cb356b7,072af017746af949e6d36485bf980578103eef82b4dd2ec5d560638eec5c29bf,5deec2e933fdeadc6bdcf53ddb0cca937c8acdcb629b57587d0e95413151015a,,,,lg7b;lg2;lg3;wildguard,Mistral-7B-Instruct-v0.3
aegis2,prompt_binary_safety,frozen_confirmation_20260930_v5,aux_calibration_confirmation_v5_20260930,development_method_selection,frozen_before_new_inference,sqrt_gate_lr,,unsafe_probability_ece15_equal_width,True,1026,799,1026,798,d71beb65f51eb2a3f2556f790d3c81ceeca758a3a999598e7cce92633404e72d,7065bb393f311e39bf0c3589f8dfff938c76f148ff7dbf153bea51fb7b024451,b2ab7ca72478b7ab8bf410d00c531ef34ae3006d8391666c99a078186cb356b7,072af017746af949e6d36485bf980578103eef82b4dd2ec5d560638eec5c29bf,5deec2e933fdeadc6bdcf53ddb0cca937c8acdcb629b57587d0e95413151015a,,,,lg7b;lg2;lg3;wildguard,Mistral-7B-Instruct-v0.3
aegis_safety_test_prompt,prompt_harmfulness,aegis_safety_test_prompt_fixedfusion_20261003_v1,aegis_safety_test_prompt_fixedfusion_20261003_v1,fixed_method_extension,frozen_before_new_inference,fusion_lr,fusion_lr - ts_nll,"unsafe-probability ECE15, 15 equal-width bins",False,145,214,144,213,35c4ac297586db84e892c520017de842a9a0e291f50d73b4101d7567bd5cf602,34afeef32124abc7c34e85155fc33ab621d8b24ffe14ee6475333647824a9ee6,b2ab7ca72478b7ab8bf410d00c531ef34ae3006d8391666c99a078186cb356b7,3a70435a74933a392ff507c863dbaf6f424c9d8b6551300f45cfd46349332ad9,7a5591fa664cb8bec4d17b0a3fb11f32206c60d658fdbe56cb115186dd56c7cc,10000,20261003,False,lg7b;lg2;lg3;wildguard,Mistral-7B-Instruct-v0.3
beavertails_response,assistant_response_text_binary_harmfulness,beavertails_response_fixedfusion_20261002_v1,beavertails_response_fixed_fusion_20261002_v1,fixed_method_extension,frozen_before_new_inference,fusion_lr,fusion_lr - guard_lr,unsafe-probability ECE15 with 15 equal-width bins,True,13467,19929,3104,4662,dad64dae1622f2f94e919b098997147b4c32f51bdbf4cfe3d83886f28e72a18c,b3de59e4fdc3b52520c4ad68eeb8eb3aa2f356e7e2b9955334c5cccfe4ea4c55,b2ab7ca72478b7ab8bf410d00c531ef34ae3006d8391666c99a078186cb356b7,7177232ca966d38214c0928cb3f6383576fa10cea2f126f6f2cd7a6216dc95e7,9e11a0dcfe98306674680f81ca9c517278234521ce2221c105919400bce0c7db,10000,20261002,False,lg7b;lg2;lg3;wildguard,Mistral-7B-Instruct-v0.3
cares,prompt_binary_safety,cares_independent_20261001_v1,cares_independent_fixed_fusion_20261001_v1,prespecified_source_evaluation,frozen_before_new_inference,fusion_lr,fusion_lr - guard_lr,unsafe-probability ECE15 with 15 equal-width bins,True,1322,1226,1322,1226,8a11ace013d5b16e705cc704a721eb57285b8a557422db69dede4b3b4a7fe80a,483e7207943b9755ca2798bf46eaa4ac9426d5ec9231257b414e9ab773fe5d0e,b2ab7ca72478b7ab8bf410d00c531ef34ae3006d8391666c99a078186cb356b7,0db756a6945062f608682c022985a531c8a19d1742b1cf01a322b8c1fa73ee39,c2a16d8c94743ba8dfb06053295728689fe2d3e93562d482cb8f2943efb9fb6b,10000,20261001,False,lg7b;lg2;lg3;wildguard,Mistral-7B-Instruct-v0.3
do_not_answer_response,assistant_response_text_binary_harmfulness,do_not_answer_response_fixedfusion_20261003_v1,do_not_answer_response_fixed_fusion_20261003_v1,fixed_method_extension,frozen_before_new_inference,fusion_lr,fusion_lr - ts_nll,unsafe-probability ECE15 with 15 equal-width bins,False,2262,3372,377,561,9745ae69cf28abd74460f61f4055f0b82cb0af848bd26f45c01bdd833c7f9689,fe4a9158083b155e688c1bcde8e01df9d83a225657bee79e6cdac17035ada634,b2ab7ca72478b7ab8bf410d00c531ef34ae3006d8391666c99a078186cb356b7,1075527e96461d21d716dbfe7bc23d91277eb717f28df1a96d3af7cfd4178370,8f5beedd3674521e32637fde1eb11ec1fd1f30e063da03c1890564b6db13e5e2,10000,20261003,False,lg7b;lg2;lg3;wildguard,Mistral-7B-Instruct-v0.3
harmbench_response_variant,assistant_response_text_harmfulness,harmbench_response_variant_fixedfusion_20261003_v1,harmbench_response_variant_fixedfusion_20261003_v1,fixed_method_extension,frozen_before_new_inference,fusion_lr,fusion_lr - ts_nll,"unsafe-probability ECE15, 15 equal-width bins",False,242,360,121,180,5204c73cd92ab7d1be5c0e61b1a15595a28373faad21fc082a18e693152f84cf,8df4a51d9a21e9cc7db250a409430397bccbec4a4fd9d430d8f9f04b1428af82,b2ab7ca72478b7ab8bf410d00c531ef34ae3006d8391666c99a078186cb356b7,fdbca7004f18f54db417b8cafc428067e9569fb54444c5405cf0373d90ee6b06,1ddd90fe35a58a9c97511ff0d0c715c32868aaebd8a4532fdcc88d4420bfb46f,10000,20261003,False,lg7b;lg2;lg3;wildguard,Mistral-7B-Instruct-v0.3
hatecheck,prompt_binary_hate_speech_as_unsafe,hatecheck_independent_20261001_v1,hatecheck_independent_fixed_fusion_20261001_v1,prespecified_source_evaluation,frozen_before_new_inference,fusion_lr,fusion_lr - guard_lr,unsafe-probability ECE15 with 15 equal-width bins,True,1620,2060,109,166,7ea9adbc4607b0b07c7a136db44846f3a17ddc451a5c602d4f23a02cde4da744,4cab9c886be69a5b78d50ed7a467de5c3e42cacb9678ae61c0cb5d3a53709e2f,b2ab7ca72478b7ab8bf410d00c531ef34ae3006d8391666c99a078186cb356b7,ecef9bcbe6446b2ebee93b43ba4ea6b98fa64b9126ba7276b870d8891387d262,cc2db89a7cd67ac71e40904cdb81446e7f2cc882fbfeac0f4075ae12a2e40f0d,10000,20261001,False,lg7b;lg2;lg3;wildguard,Mistral-7B-Instruct-v0.3
pkusafe_response,assistant_response_text_binary_harmfulness,pkusafe_response_fixedfusion_20261002_v1,pkusafe_response_fixed_fusion_20261002_v1,fixed_method_extension,frozen_before_new_inference,fusion_lr,fusion_lr - guard_lr,unsafe-probability ECE15 with 15 equal-width bins,True,1843,2808,917,1384,b7b07ff9ee1d20dce8d156132d02e675c8ef7f520e1419d37bd0ca88bf4f05b0,59160e4b6b2abbc02af0a2f0e1d8988f858c99f6f73992a4feddfd96071cc493,b2ab7ca72478b7ab8bf410d00c531ef34ae3006d8391666c99a078186cb356b7,0cfb4684b03d80a8a4ef4abed4da3112f5b458b55b649c4581b1eb006156eaa3,8809a728c3ab1a18202c95fcb923b95a21124940939e45dc075c7bd011735db9,10000,20261002,False,lg7b;lg2;lg3;wildguard,Mistral-7B-Instruct-v0.3
saferlhf_alpaca2_response,assistant_response_text_binary_harmfulness,saferlhf_alpaca2_response_fixedfusion_20261003_v1,saferlhf_alpaca2_response_fixedfusion_20261003_v1,fixed_method_extension,frozen_before_new_inference,fusion_lr,fusion_lr - ts_nll,unsafe-probability ECE15 with 15 equal-width bins,False,2210,3486,1095,1677,1ce9b068dcbf92f3d7fd132cd734fdf29f604a02e85211e81f5972e30b37390c,6df7110a98798e145a6b66d6cb91fe71d00f623e807b2aa1aefbb138b379592b,b2ab7ca72478b7ab8bf410d00c531ef34ae3006d8391666c99a078186cb356b7,a3b5d045a6cf68c1669cf4a0a6131d08c62ca534f1d5794e53ffb37747def1ae,b697259ea019c9621a027ba68f197d08ef392f54c56dccab330db3b0f2e115f6,10000,20261003,False,lg7b;lg2;lg3;wildguard,Mistral-7B-Instruct-v0.3
saferlhf_alpaca7b_response,assistant_response_text_binary_harmfulness,saferlhf_alpaca7b_response_fixedfusion_20261003_v1,saferlhf_alpaca7b_response_fixedfusion_20261003_v1,fixed_method_extension,frozen_before_new_inference,fusion_lr,fusion_lr - ts_nll,unsafe-probability ECE15 with 15 equal-width bins,False,2440,3632,1153,1801,b533aafdc59feec8afda36633339fe5029a98d3a2193167cb084c118d68d1ce0,7f21c46b2151f78c1899fd8face4426f4337e47ccc8a3833e07cfca35bfb94ca,b2ab7ca72478b7ab8bf410d00c531ef34ae3006d8391666c99a078186cb356b7,1d24d53ff6bfd9cf91372f6d4b76d18382ec57b2b2a9cc5964d18a7fbbb94ddd,81ef77b7bd1156cf489562af1e0640bf59056e93a6ef2dad86117fbee0c9739b,10000,20261003,False,lg7b;lg2;lg3;wildguard,Mistral-7B-Instruct-v0.3
safety_moderation_prompt,prompt_binary_safety,safety_moderation_prompt_fixedfusion_20261004_v1,safety_moderation_prompt_fixedfusion_20261004_v1,post_selection_new_source,frozen_before_new_inference,fusion_lr,fusion_lr - guard_lr,unsafe-probability ECE15 with 15 equal-width bins,True,568,828,250,383,e3ac32cbdbc42b52ae327ea1f13f53d6fdbf470242a076bf5399fb95b71d24bf,ac38a9406805e0e2168fac863597cdec2d1e002e3d2f6d0cdcee642d8be7ec38,b2ab7ca72478b7ab8bf410d00c531ef34ae3006d8391666c99a078186cb356b7,f02de79c478cfebce7b0a0ee2816798bac82d8afa1de5d3f7ed6ec1bee96c12e,d9fa2dcb9346602e1a906f77dfd6f9297885bd0bfcc7ce22253107c0f0b19204,10000,20261004,False,lg7b;lg2;lg3;wildguard,Mistral-7B-Instruct-v0.3
toxicchat_candidate_prompt,prompt_harmfulness,toxicchat_candidate_prompt_fixedfusion_20261003_v1,toxicchat_candidate_prompt_fixedfusion_20261003_v1,fixed_method_extension,frozen_before_new_inference,fusion_lr,fusion_lr - ts_nll,unsafe-probability ECE15 with 15 equal-width bins,False,1046,1571,1024,1540,1e098274d6c07d3f1efab78f6494b6baf8720a4dab39100618f2aab5a4ac1ecd,1585b75e6c927b58d86b5c6e087c4df23cfe0fbbc08968adef81580c81da6e20,b2ab7ca72478b7ab8bf410d00c531ef34ae3006d8391666c99a078186cb356b7,54331e79ffccddf2607e6b8c4d03c121518f4cef5d61c3c3ca0db748cd1a194c,a200c6153b937de029fd752cb9f9896cdfc0a7006724ef2b211847d1948102a2,10000,20261003,False,lg7b;lg2;lg3;wildguard,Mistral-7B-Instruct-v0.3
wildguardmix_prompt,prompt_binary_harmfulness,wildguardmix_prompt_fixedfusion_20261002_v1,wildguardmix_prompt_fixed_fusion_20261002_v1,fixed_method_extension,frozen_before_new_inference,fusion_lr,fusion_lr - guard_lr,unsafe-probability ECE15 with 15 equal-width bins,True,680,1019,680,1019,64222889d4b98392a1cbdf1c8b1691c23e34ce99490a3d10bb0849763be318cb,7a2fdb8a79077d92ad248484be456220ffb8346d7e1ef8c01a4d2581ca58005c,b2ab7ca72478b7ab8bf410d00c531ef34ae3006d8391666c99a078186cb356b7,27282b1e7a858eeb1af03068df142445133c84391626b82d5d998c9e38b860dd,eadb45447a0ca856f682311394e8621548bbd92cc31863d413e3699d2f4af87f,10000,20261002,False,lg7b;lg2;lg3;wildguard,Mistral-7B-Instruct-v0.3
wildguardmix_response,assistant_response_text_binary_harmfulness,wildguardmix_response_fixedfusion_20261002_v1,wildguardmix_response_fixed_fusion_20261002_v1,fixed_method_extension,frozen_before_new_inference,fusion_lr,fusion_lr - guard_lr,unsafe-probability ECE15 with 15 equal-width bins,True,684,1025,684,1025,f94cdcde6be6f52d3105d409bca5efc8318302369fc60c0d74eb5c93196d1493,d57d2fd34fce7ed53c566900a516ab7bf74c3e40e6014fd448f0fa68c3f4ebd4,b2ab7ca72478b7ab8bf410d00c531ef34ae3006d8391666c99a078186cb356b7,a6faeebb2a98c4783ebec892416d36d117333e02c1b3149bd9824f4c77cf6969,db3f8c3c30e825dfea55c4e7934f2e00601a171253b810cb62145dd7b0db6035,10000,20261002,False,lg7b;lg2;lg3;wildguard,Mistral-7B-Instruct-v0.3
xstest_prompt,prompt_harmfulness,xstest_prompt_fixedfusion_20261003_v1,xstest_prompt_fixedfusion_20261003_v1,fixed_method_extension,frozen_before_new_inference,fusion_lr,fusion_lr - ts_nll,unsafe-probability ECE15 with 15 equal-width bins,False,211,239,69,81,c49d12e4a438e84cebed4c43813ca1b92b1fc9898c9401d810f95f3546766344,2074a8854ee4aaf0bdcb82356dcb508295d4a7fc90e850e5dbecd2bb201d5265,b2ab7ca72478b7ab8bf410d00c531ef34ae3006d8391666c99a078186cb356b7,1a13c3bed51bd15b19659666093a474fdb839d321ca721302ee335fa3c3ed976,c16bc654541e57f6de4954a92dd24e91ae4c8593739c1fb03f0a2885d1e2466f,10000,20261003,False,lg7b;lg2;lg3;wildguard,Mistral-7B-Instruct-v0.3
harmmetric_response,assistant_response_text_binary_harmfulness,harmmetric_response_fixedfusion_20261004_v1,harmmetric_response_fixedfusion_20261004_v1,post_selection_new_source,frozen_before_new_inference,fusion_lr,fusion_lr - guard_lr,unsafe-probability ECE15 with 15 equal-width bins,True,871,1303,109,163,58d816f0aee6774ab51c80fc2c20539a58edd1a7ad8cf21e4b25eb2ef64cd1c8,ae066134f0e342dab772cc9de817d44bfebfd1989d9c1da3ecfa988af1751200,b2ab7ca72478b7ab8bf410d00c531ef34ae3006d8391666c99a078186cb356b7,99fcc339918608eb7d1ecb9fa4b518489b7ebef614e326677af646602ffd1add,e50f97988f5401dfc2c2dbeb8470d3227a5442f075c6c9386ad545ff020ea2f6,10000,20261004,False,lg7b;lg2;lg3;wildguard,Mistral-7B-Instruct-v0.3
